{
  "alerce/stamp_classifier": {
    "n_rows": 3206,
    "positive_rate": 0.04834684965689332,
    "brier": 0.029186094037362744,
    "roc_auc": 0.9275414723887462,
    "n_train_rows": 9967,
    "n_cal_rows": 3015,
    "n_test_rows": 3206
  },
  "alerce/stamp_classifier_2025_beta": {
    "n_rows": 885,
    "positive_rate": 0.022598870056497175,
    "brier": 1.6797995120404083e-09,
    "roc_auc": 1.0,
    "n_train_rows": 3061,
    "n_cal_rows": 1003,
    "n_test_rows": 885
  },
  "fink/rf_ia": {
    "n_rows": 4268,
    "positive_rate": 0.5271790065604499,
    "brier": 0.1266927372720546,
    "roc_auc": 0.9165437727122563,
    "n_train_rows": 12510,
    "n_cal_rows": 4070,
    "n_test_rows": 4268
  },
  "fink/snn": {
    "n_rows": 4268,
    "positive_rate": 0.3823805060918463,
    "brier": 0.08246244351265464,
    "roc_auc": 0.9567198797197178,
    "n_train_rows": 12510,
    "n_cal_rows": 4070,
    "n_test_rows": 4268
  },
  "supernnova": {
    "n_rows": 666,
    "positive_rate": 0.21021021021021022,
    "brier": 0.049669555465344364,
    "roc_auc": 0.9963199348180338,
    "n_train_rows": 1958,
    "n_cal_rows": 672,
    "n_test_rows": 666
  }
}