{
  "n_rows": 5890,
  "positive_rate": 0.3894736842105263,
  "brier": 0.0197072714095814,
  "roc_auc": 0.9918147452414917
}