{
  "n_rows": 5972,
  "positive_rate": 0.3916610850636303,
  "brier": 0.03051587264676497,
  "roc_auc": 0.9949332675264165
}